IdPasajero,PlanetaOrigen,SuenoCriogenico,Cabina,Destino,Edad,ServicioVIP,ServicioHabitacion,Cafeteria,CentroComercial,Spa,CubiertaVR,Iniciales
017TPAFB,Earth,False,E/246/S,TRAPPIST-1e,50.0,False,43.0,661.0,1.0,85.0,0.0,PMS
01NCTJSD,Mars,False,F/1230/P,TRAPPIST-1e,47.0,False,448.0,0.0,891.0,0.0,235.0,RUO
05OHRWDS,Mars,,,TRAPPIST-1e,29.0,False,1052.0,0.0,635.0,0.0,0.0,GMH
07TVHTDK,Mars,True,F/1522/S,TRAPPIST-1e,21.0,False,0.0,0.0,0.0,0.0,0.0,WPQ
09MRYZ0I,Mars,False,F/1651/S,TRAPPIST-1e,26.0,False,5757.0,0.0,206.0,0.0,0.0,ERU
0B0L4OX1,Earth,False,G/856/S,TRAPPIST-1e,28.0,False,607.0,0.0,0.0,227.0,0.0,BXC
0D4DIRAF,Earth,False,G/462/S,55 Cancri e,24.0,False,489.0,0.0,,0.0,0.0,IVP
0FCCAP5W,Earth,False,F/455/S,TRAPPIST-1e,15.0,False,0.0,785.0,0.0,0.0,0.0,UYN
0K5X85MX,Earth,False,G/693/P,TRAPPIST-1e,30.0,False,0.0,10.0,0.0,3840.0,329.0,OZW
0L15T2HF,Mars,False,E/141/P,TRAPPIST-1e,22.0,False,579.0,0.0,267.0,0.0,108.0,IJA
0PRXP2YB,Earth,False,F/1744/S,TRAPPIST-1e,23.0,,2.0,167.0,0.0,0.0,555.0,TFL
0RB90BYE,Europa,True,B/186/P,TRAPPIST-1e,51.0,False,0.0,0.0,0.0,0.0,0.0,TFU
0SOT4YAC,Earth,True,G/659/P,PSO J318.5-22,29.0,False,0.0,0.0,0.0,0.0,0.0,ZNE
0UJWOA78,Earth,True,G/420/S,PSO J318.5-22,16.0,False,0.0,0.0,0.0,0.0,0.0,DJO
0VJMFR3T,Earth,False,G/92/S,TRAPPIST-1e,7.0,False,0.0,0.0,0.0,0.0,0.0,ZHN
0VW2QVNN,Earth,True,G/1001/P,PSO J318.5-22,28.0,False,0.0,0.0,0.0,0.0,0.0,TIM
0X288N8E,Earth,False,G/521/S,TRAPPIST-1e,38.0,False,0.0,0.0,0.0,846.0,0.0,LUM
0XAL4RDF,Earth,False,F/1205/P,TRAPPIST-1e,46.0,False,0.0,98.0,2077.0,0.0,0.0,REF
0Y07FC6A,Earth,False,F/1100/S,TRAPPIST-1e,25.0,False,0.0,0.0,1037.0,8.0,1.0,SOA
13OO7J69,Europa,True,C/126/S,TRAPPIST-1e,33.0,False,0.0,0.0,0.0,0.0,0.0,HAB
14A5FOVQ,Mars,True,F/808/S,TRAPPIST-1e,25.0,False,0.0,0.0,0.0,0.0,0.0,DLW
16GHTZ2B,Earth,False,F/1245/S,55 Cancri e,20.0,False,0.0,0.0,715.0,2.0,0.0,VMI
17Y6WNN0,Earth,False,F/880/P,55 Cancri e,44.0,False,0.0,0.0,608.0,0.0,91.0,NCR
1B3T14UG,Mars,False,F/981/P,TRAPPIST-1e,0.0,False,0.0,0.0,0.0,0.0,0.0,DZZ
1ER0LQU5,Earth,False,,TRAPPIST-1e,21.0,False,3.0,1.0,0.0,1494.0,110.0,BOB
1FWD6428,Earth,False,F/1783/S,TRAPPIST-1e,51.0,False,6.0,0.0,0.0,0.0,1164.0,DBX
1GRXXH6U,Earth,False,E/502/S,PSO J318.5-22,14.0,False,80.0,130.0,0.0,1323.0,0.0,MLZ
1IAM5FD3,Mars,True,F/1050/P,TRAPPIST-1e,21.0,False,0.0,0.0,0.0,0.0,0.0,RSX
1IO65BWJ,Earth,False,E/73/P,TRAPPIST-1e,16.0,False,0.0,0.0,752.0,0.0,235.0,RBH
1JKS15WY,Earth,False,F/1205/P,TRAPPIST-1e,22.0,False,104.0,511.0,254.0,425.0,4.0,HRW
1NJZNZCK,Mars,True,E/562/S,TRAPPIST-1e,59.0,False,0.0,0.0,0.0,0.0,0.0,OMT
1S7XRUHR,Earth,True,G/806/S,TRAPPIST-1e,3.0,,0.0,0.0,0.0,0.0,0.0,AJT
215291VY,Mars,True,F/799/P,TRAPPIST-1e,30.0,False,0.0,0.0,0.0,0.0,0.0,GIP
25ZECZGH,Earth,True,G/87/P,TRAPPIST-1e,49.0,False,0.0,0.0,0.0,0.0,0.0,DDL
26X0NCY9,Earth,True,G/884/P,TRAPPIST-1e,15.0,False,0.0,0.0,0.0,0.0,0.0,XQI
272RUZAO,Earth,False,F/244/P,TRAPPIST-1e,18.0,False,2.0,1311.0,60.0,28.0,1.0,SWL
2B7BIFED,,False,F/95/S,TRAPPIST-1e,17.0,False,1471.0,0.0,0.0,45.0,16.0,VOL
2CPWX7LK,Earth,False,,PSO J318.5-22,,False,0.0,2.0,0.0,0.0,867.0,LSG
2EAAIBST,Earth,False,F/287/S,TRAPPIST-1e,21.0,False,5.0,0.0,0.0,2.0,1061.0,QFM
2G6OZ98O,Mars,False,F/410/S,TRAPPIST-1e,26.0,False,1751.0,0.0,0.0,0.0,0.0,RFN
2MAA3YKU,Mars,False,F/276/P,,44.0,False,485.0,2.0,210.0,0.0,351.0,IIW
2N59H33M,,False,G/896/S,,43.0,,1.0,0.0,213.0,7.0,701.0,KWR
2T2KTFG7,Mars,False,E/169/S,TRAPPIST-1e,25.0,True,854.0,0.0,319.0,0.0,0.0,FLZ
2TL3HOPI,Earth,True,G/186/P,PSO J318.5-22,22.0,False,0.0,0.0,0.0,0.0,0.0,TDC
2UX46QGU,Earth,False,G/74/S,TRAPPIST-1e,39.0,False,0.0,0.0,0.0,0.0,0.0,EBY
2VNGBXMN,Europa,True,B/249/S,55 Cancri e,34.0,False,0.0,0.0,0.0,0.0,0.0,SKK
2WQCHIKJ,Mars,True,E/431/P,TRAPPIST-1e,58.0,False,0.0,,0.0,0.0,0.0,UJY
2XRNZUB8,Europa,False,B/254/S,55 Cancri e,53.0,False,0.0,2606.0,0.0,1170.0,0.0,KOI
2YP0MOPI,Europa,False,B/280/P,55 Cancri e,25.0,True,0.0,3978.0,0.0,266.0,597.0,GZV
2YTTXE2M,Earth,False,F/1201/P,55 Cancri e,43.0,False,0.0,1197.0,0.0,223.0,1.0,MEA
35JDX3BX,Earth,False,G/183/S,TRAPPIST-1e,0.0,False,0.0,0.0,0.0,0.0,0.0,PHI
368KD6QU,Mars,False,D/14/S,TRAPPIST-1e,30.0,False,1770.0,0.0,0.0,13.0,0.0,WFK
36TKKO6U,Earth,False,F/1129/P,TRAPPIST-1e,39.0,False,0.0,1.0,0.0,739.0,0.0,HOA
386D6DES,Earth,False,G/1409/S,TRAPPIST-1e,28.0,False,1.0,1484.0,210.0,0.0,5.0,KWB
3D68ZVCX,Mars,False,E/556/P,TRAPPIST-1e,37.0,False,0.0,0.0,0.0,0.0,0.0,RHP
3ESR7JV3,Mars,True,F/431/S,TRAPPIST-1e,48.0,False,0.0,0.0,0.0,0.0,0.0,YLV
3HBT4766,Europa,False,C/14/S,TRAPPIST-1e,32.0,False,247.0,4651.0,0.0,46.0,202.0,AFE
3HQBBSCT,Earth,False,G/1414/S,TRAPPIST-1e,30.0,False,0.0,114.0,0.0,726.0,67.0,QHT
3LJF8OCK,Earth,False,F/1014/S,TRAPPIST-1e,29.0,False,0.0,10.0,0.0,594.0,120.0,YCY
3PCJDCHN,Earth,True,G/672/P,TRAPPIST-1e,30.0,False,0.0,0.0,0.0,0.0,0.0,XJF
3TK1OGAM,Earth,False,G/740/P,TRAPPIST-1e,49.0,False,820.0,1.0,690.0,292.0,13.0,OZJ
40QVBYEO,Earth,False,G/281/S,55 Cancri e,42.0,False,28.0,0.0,0.0,0.0,591.0,ARW
411041G0,Earth,True,G/125/S,TRAPPIST-1e,13.0,False,0.0,0.0,0.0,0.0,0.0,FCT
421SL0DO,Europa,True,B/206/P,TRAPPIST-1e,26.0,False,0.0,0.0,0.0,0.0,0.0,YVF
43X7FH84,Europa,True,D/49/S,TRAPPIST-1e,53.0,False,0.0,0.0,0.0,0.0,0.0,IDX
447ROIMC,Europa,True,D/140/P,TRAPPIST-1e,47.0,False,0.0,0.0,0.0,0.0,0.0,OXH
44SKCICI,Mars,False,F/697/S,TRAPPIST-1e,0.0,False,0.0,0.0,0.0,0.0,0.0,OSR
47U2B1PZ,Earth,False,G/1209/P,55 Cancri e,25.0,False,0.0,1435.0,0.0,0.0,0.0,JGD
4CGJPV6H,Earth,False,F/100/S,TRAPPIST-1e,19.0,False,0.0,1428.0,0.0,1.0,19.0,VLJ
4ERI4EZI,Earth,True,G/1231/P,TRAPPIST-1e,54.0,False,0.0,,0.0,0.0,0.0,WSP
4F42B0SW,Earth,True,G/982/S,TRAPPIST-1e,15.0,False,0.0,0.0,0.0,0.0,0.0,EXG
4GV4CE22,Earth,False,F/1029/S,,29.0,False,0.0,61.0,942.0,2.0,0.0,DAZ
4IPN3BTL,Europa,True,A/96/S,TRAPPIST-1e,40.0,False,0.0,0.0,0.0,0.0,0.0,ILG
4J9G5CCQ,Mars,False,F/1036/P,TRAPPIST-1e,44.0,False,2575.0,3.0,20.0,0.0,,JJX
4JMHF0T2,Europa,False,C/226/P,TRAPPIST-1e,28.0,False,0.0,4340.0,0.0,186.0,0.0,CFR
4L6PAF7Y,Earth,True,G/762/P,TRAPPIST-1e,30.0,False,0.0,0.0,0.0,0.0,0.0,OGQ
4MF2Y9BL,Earth,False,F/1272/P,TRAPPIST-1e,24.0,False,270.0,0.0,534.0,0.0,0.0,FME
4T4P5ZBE,Earth,False,E/371/P,,23.0,False,0.0,456.0,2624.0,912.0,8.0,NVC
4T4S4EVS,Europa,False,C/338/S,55 Cancri e,36.0,False,23.0,14773.0,0.0,1159.0,7819.0,OZV
4VBUFH0V,Mars,False,E/381/P,TRAPPIST-1e,24.0,False,555.0,0.0,618.0,0.0,0.0,ZTQ
4WXM9148,Europa,True,C/24/S,55 Cancri e,43.0,False,0.0,0.0,0.0,0.0,0.0,WTE
4XXFCSZ1,Earth,False,F/1019/P,TRAPPIST-1e,46.0,False,819.0,31.0,0.0,49.0,2.0,FIJ
4YPXIJ8M,,True,E/56/S,TRAPPIST-1e,26.0,False,0.0,0.0,0.0,0.0,0.0,XJJ
50G6XKPG,Mars,False,F/244/S,TRAPPIST-1e,25.0,False,1084.0,1.0,66.0,0.0,5.0,VKC
528AXB90,Mars,False,F/274/S,55 Cancri e,17.0,False,891.0,0.0,243.0,0.0,5.0,NQD
52SS02AM,Earth,False,G/926/S,TRAPPIST-1e,9.0,False,0.0,0.0,0.0,0.0,,QAC
53KICFLK,Earth,False,E/377/P,TRAPPIST-1e,20.0,False,149.0,25.0,559.0,21.0,33.0,MLC
54NZDW27,Earth,False,G/523/P,TRAPPIST-1e,,False,16.0,0.0,799.0,0.0,37.0,PKN
54PFUU7Q,Mars,True,E/412/S,TRAPPIST-1e,34.0,False,0.0,0.0,,0.0,0.0,UPO
55YDKXRA,Mars,True,E/486/P,PSO J318.5-22,45.0,,0.0,0.0,0.0,0.0,0.0,VAP
588MTC2C,Mars,True,F/1477/S,TRAPPIST-1e,41.0,False,0.0,0.0,0.0,0.0,0.0,FHM
5EED79FC,Mars,False,D/185/S,55 Cancri e,15.0,False,3811.0,0.0,109.0,236.0,0.0,EGQ
5H4GQIH0,Earth,True,,TRAPPIST-1e,10.0,False,0.0,0.0,0.0,0.0,0.0,IKP
5HU9STBG,Mars,False,D/177/S,PSO J318.5-22,34.0,False,162.0,0.0,690.0,28.0,0.0,OCU
5JLG7GVM,Earth,False,F/59/S,TRAPPIST-1e,18.0,False,0.0,0.0,1359.0,0.0,0.0,YEV
5M35GLHB,Earth,True,G/785/S,TRAPPIST-1e,1.0,False,0.0,0.0,,0.0,0.0,LOO
5MAZY4V0,Earth,False,F/185/S,TRAPPIST-1e,26.0,False,621.0,1.0,98.0,11.0,135.0,GYZ
5NZEIKAN,Earth,False,G/313/P,TRAPPIST-1e,34.0,False,0.0,0.0,53.0,731.0,0.0,SSP
5WRGSMYN,Europa,True,B/340/S,TRAPPIST-1e,48.0,False,0.0,0.0,0.0,0.0,,AET
5WZ0ORMW,Earth,True,G/263/S,PSO J318.5-22,31.0,False,0.0,,0.0,0.0,0.0,BWP
6141OMC9,Europa,False,B/226/S,TRAPPIST-1e,29.0,False,0.0,1644.0,0.0,0.0,3780.0,FFX
61A0YGMO,Earth,True,G/1242/S,PSO J318.5-22,3.0,False,0.0,0.0,0.0,0.0,0.0,WFN
65IMLYUQ,Earth,True,G/1086/S,55 Cancri e,12.0,False,0.0,0.0,0.0,0.0,0.0,HXL
66IF33FH,Europa,True,,55 Cancri e,23.0,False,0.0,0.0,0.0,0.0,0.0,RJB
6G55ZAMX,Europa,False,B/253/S,TRAPPIST-1e,29.0,False,19.0,4900.0,6.0,6324.0,2056.0,GBR
6JYYCD67,,False,G/578/P,TRAPPIST-1e,26.0,False,0.0,597.0,0.0,0.0,212.0,SUF
6NLOEFLE,Earth,,G/983/S,TRAPPIST-1e,2.0,False,0.0,0.0,0.0,0.0,0.0,BDF
6QR0W30P,Europa,False,D/147/S,TRAPPIST-1e,26.0,False,0.0,823.0,0.0,1821.0,1508.0,OPE
6RBU2H8H,Earth,False,G/486/P,,37.0,False,221.0,0.0,32.0,38.0,516.0,QYN
6SDPR796,Earth,False,E/468/P,TRAPPIST-1e,30.0,False,0.0,0.0,0.0,27.0,764.0,KLI
6XGLZ99J,Europa,True,B/283/S,TRAPPIST-1e,26.0,False,,0.0,0.0,0.0,0.0,SNP
6XJD8KDU,Earth,False,G/166/P,TRAPPIST-1e,7.0,False,0.0,0.0,0.0,0.0,0.0,GQV
6XKI9QS4,Europa,True,C/323/S,TRAPPIST-1e,25.0,True,0.0,0.0,0.0,0.0,0.0,VJF
6XOW3M3Q,Mars,False,F/862/S,TRAPPIST-1e,9.0,False,0.0,0.0,0.0,0.0,0.0,OZQ
6YWUMR9E,Mars,True,F/1807/P,TRAPPIST-1e,24.0,False,0.0,0.0,0.0,0.0,0.0,KAT
70BRNZ7T,Earth,True,G/135/P,,15.0,False,0.0,0.0,0.0,0.0,0.0,BGH
79C14I5W,Earth,False,,TRAPPIST-1e,,False,740.0,82.0,6.0,,1.0,RRP
7BEQ68FB,Mars,False,F/90/S,TRAPPIST-1e,43.0,False,1821.0,0.0,47.0,29.0,0.0,QDX
7BZUB867,Earth,False,F/38/P,55 Cancri e,21.0,False,287.0,0.0,16.0,115.0,175.0,WMR
7CL3Y94T,Earth,True,,TRAPPIST-1e,22.0,False,0.0,0.0,0.0,0.0,0.0,LUX
7CYKWFTG,Earth,False,G/82/S,TRAPPIST-1e,22.0,False,0.0,0.0,332.0,442.0,0.0,KJS
7E04XRE1,Europa,True,B/257/P,TRAPPIST-1e,37.0,False,0.0,0.0,0.0,0.0,0.0,OGO
7E4E8GBX,Earth,False,E/519/S,55 Cancri e,29.0,False,46.0,68.0,589.0,88.0,0.0,HWA
7HHUFRDE,Europa,True,B/292/S,55 Cancri e,40.0,False,0.0,0.0,0.0,0.0,0.0,LVS
7IY9CZDI,Earth,True,G/754/S,TRAPPIST-1e,23.0,False,0.0,0.0,0.0,0.0,0.0,LUR
7K49TSAW,Earth,False,G/756/P,TRAPPIST-1e,17.0,False,372.0,0.0,477.0,0.0,0.0,HRV
7L7V4XCB,Earth,True,G/800/P,PSO J318.5-22,39.0,False,0.0,0.0,0.0,0.0,0.0,AWD
7LHSMYO1,Earth,False,G/146/P,TRAPPIST-1e,6.0,False,0.0,0.0,0.0,0.0,0.0,CXL
7O75B5R0,Earth,,G/1276/P,TRAPPIST-1e,60.0,False,0.0,0.0,0.0,0.0,0.0,GSX
7PV3UMTI,Earth,False,F/1411/P,TRAPPIST-1e,17.0,False,108.0,4.0,1898.0,13.0,0.0,QDG
7R24PGHH,Earth,False,F/391/S,PSO J318.5-22,24.0,False,662.0,0.0,0.0,0.0,9.0,ENW
7RPLC8EM,Earth,False,G/654/P,TRAPPIST-1e,50.0,False,667.0,0.0,0.0,11.0,170.0,URE
7SHAC5HT,Europa,False,B/238/S,55 Cancri e,25.0,False,2026.0,4929.0,0.0,1179.0,10270.0,SPK
7SKYF2JG,Mars,True,F/1747/P,TRAPPIST-1e,2.0,False,0.0,0.0,0.0,0.0,0.0,LVE
7U5A19O6,Earth,False,F/1637/S,55 Cancri e,48.0,False,0.0,717.0,0.0,0.0,10.0,WVI
7WSP8FYQ,Europa,True,B/11/S,TRAPPIST-1e,13.0,False,0.0,0.0,0.0,0.0,0.0,GKH
7WW3XUIN,Earth,True,G/595/S,55 Cancri e,29.0,False,0.0,0.0,,0.0,0.0,IVI
81G3YYHD,Earth,False,F/1447/P,PSO J318.5-22,20.0,False,0.0,,0.0,0.0,1318.0,LEA
89Y6WQIT,Mars,True,F/1515/S,TRAPPIST-1e,42.0,False,0.0,0.0,0.0,0.0,0.0,PHE
8CZE81UH,Europa,False,C/100/S,TRAPPIST-1e,26.0,False,2381.0,1772.0,0.0,0.0,2618.0,BLU
8E03NP81,Earth,False,E/181/S,TRAPPIST-1e,26.0,False,0.0,29.0,0.0,759.0,0.0,LOM
8G8F7N35,,True,G/386/P,TRAPPIST-1e,37.0,False,0.0,0.0,0.0,0.0,0.0,BPS
8GMIYB9W,Earth,True,G/316/P,TRAPPIST-1e,0.0,False,,0.0,0.0,0.0,0.0,QZI
8MMYZCO0,Mars,True,F/786/P,TRAPPIST-1e,54.0,False,0.0,0.0,0.0,0.0,0.0,MGH
8RGU6TJ3,Earth,False,F/1418/S,TRAPPIST-1e,24.0,False,0.0,0.0,217.0,0.0,544.0,JGP
8T3RXBT0,Europa,False,C/70/P,TRAPPIST-1e,27.0,True,0.0,0.0,72.0,668.0,2713.0,HVL
8UD4S8IB,Earth,True,G/1245/S,TRAPPIST-1e,10.0,False,0.0,0.0,0.0,0.0,0.0,RVM
8VPTB0RJ,Europa,False,C/153/P,TRAPPIST-1e,30.0,False,4531.0,212.0,10.0,157.0,12.0,IWO
8YBNJAVM,Europa,True,D/74/P,55 Cancri e,27.0,False,0.0,0.0,0.0,,0.0,NVB
8YPASSSP,Earth,False,F/1634/P,TRAPPIST-1e,19.0,False,0.0,721.0,0.0,25.0,1.0,MBS
8ZRMYU2C,Earth,,G/744/P,PSO J318.5-22,17.0,False,0.0,0.0,0.0,0.0,0.0,FKC
90XQHFRK,Earth,True,G/186/S,PSO J318.5-22,53.0,False,0.0,0.0,0.0,0.0,0.0,CGK
91OKJ0MA,Earth,False,E/594/S,PSO J318.5-22,44.0,False,0.0,2.0,0.0,0.0,1556.0,TTG
93ZZCZ79,Europa,True,C/123/S,TRAPPIST-1e,28.0,False,0.0,0.0,0.0,0.0,0.0,ETM
94YYBSEG,Mars,False,D/180/S,TRAPPIST-1e,19.0,False,758.0,425.0,0.0,0.0,0.0,ZIK
96DHQZBH,Mars,False,F/348/P,TRAPPIST-1e,30.0,False,1220.0,0.0,49.0,39.0,0.0,EDR
98R24RB0,Earth,False,G/649/P,TRAPPIST-1e,27.0,False,0.0,0.0,1020.0,0.0,,ONU
98Y5XG6O,Earth,True,G/577/P,TRAPPIST-1e,0.0,False,0.0,0.0,0.0,0.0,0.0,MST
9BD82K50,Europa,True,C/293/S,55 Cancri e,41.0,False,0.0,0.0,0.0,0.0,0.0,VGT
9DBGQIL5,Earth,False,G/457/S,55 Cancri e,6.0,False,0.0,0.0,0.0,0.0,0.0,TNS
9DIWJPVX,Mars,,E/45/S,TRAPPIST-1e,39.0,False,0.0,0.0,0.0,0.0,0.0,XGI
9FOQ725N,Earth,False,F/1754/S,TRAPPIST-1e,42.0,False,815.0,19.0,2.0,11.0,17.0,QAX
9FS6K433,Earth,True,G/339/P,TRAPPIST-1e,18.0,False,0.0,0.0,0.0,0.0,0.0,UZY
9FV447QN,Earth,False,E/277/S,TRAPPIST-1e,18.0,False,0.0,0.0,774.0,0.0,13.0,JAD
9GWRVCJA,Earth,True,G/776/S,TRAPPIST-1e,22.0,False,0.0,0.0,0.0,0.0,0.0,BCE
9H0AUTAT,Europa,True,B/49/S,TRAPPIST-1e,15.0,False,0.0,0.0,0.0,0.0,0.0,QVY
9HN07XA8,Europa,True,C/42/P,,14.0,False,0.0,0.0,0.0,0.0,0.0,QNA
9HWB1YP9,Mars,True,D/124/P,TRAPPIST-1e,,False,0.0,0.0,0.0,0.0,0.0,EYY
9I02D0NY,Earth,,G/1202/P,TRAPPIST-1e,28.0,False,0.0,0.0,0.0,0.0,0.0,ZYS
9K51376I,Earth,True,G/1386/S,TRAPPIST-1e,18.0,False,0.0,0.0,0.0,0.0,0.0,ROD
9LP9A42D,Europa,False,C/285/S,55 Cancri e,25.0,False,0.0,16016.0,1025.0,189.0,1037.0,WBW
9MLKN662,Earth,False,F/670/P,TRAPPIST-1e,21.0,False,330.0,11.0,0.0,0.0,398.0,VOD
9OCMEMQ3,Mars,True,F/1536/S,TRAPPIST-1e,35.0,False,0.0,0.0,0.0,0.0,0.0,YCH
9OJU57VR,Earth,True,G/259/P,TRAPPIST-1e,38.0,False,0.0,0.0,,0.0,0.0,FAV
9TALCV6G,Europa,False,B/216/P,TRAPPIST-1e,40.0,False,773.0,3729.0,43.0,10.0,0.0,IMK
9TGWISME,Earth,False,F/1618/S,TRAPPIST-1e,19.0,False,0.0,168.0,481.0,0.0,0.0,ZUQ
9V0TYNYK,Mars,False,E/36/P,TRAPPIST-1e,25.0,False,0.0,0.0,0.0,0.0,0.0,NWQ
9V3DCN3Q,Europa,False,A/93/S,TRAPPIST-1e,25.0,True,1.0,4298.0,0.0,0.0,2.0,NWZ
9VCIBYOU,Earth,False,G/762/S,TRAPPIST-1e,42.0,False,84.0,323.0,0.0,1251.0,120.0,GZF
A2C4SL9O,Europa,,A/73/P,TRAPPIST-1e,24.0,False,0.0,0.0,0.0,0.0,0.0,WUL
A41Z3T8F,Europa,False,D/60/P,TRAPPIST-1e,50.0,False,,1810.0,0.0,126.0,247.0,ADB
A5HAVJAL,Europa,False,B/299/P,55 Cancri e,32.0,False,0.0,10073.0,0.0,168.0,337.0,UQI
A67GLDQE,,False,G/1061/P,TRAPPIST-1e,20.0,False,0.0,564.0,25.0,158.0,62.0,JMI
A8ISD2G2,Mars,True,E/305/S,TRAPPIST-1e,35.0,False,0.0,,0.0,0.0,0.0,XBZ
AA145T4X,Europa,False,A/92/S,55 Cancri e,63.0,False,0.0,5036.0,4.0,519.0,0.0,QPA
AC9UVRRT,Europa,True,D/102/S,TRAPPIST-1e,26.0,False,,0.0,0.0,0.0,0.0,MAA
AD51Y7RS,Mars,False,D/23/S,TRAPPIST-1e,19.0,False,3097.0,0.0,9.0,0.0,213.0,QFC
AHAXHHN8,Earth,False,F/955/S,TRAPPIST-1e,15.0,False,0.0,0.0,19.0,352.0,326.0,UQO
AIJQV0MQ,Mars,True,F/1615/P,TRAPPIST-1e,28.0,False,0.0,0.0,0.0,0.0,0.0,UUB
AO3ZQVQD,Earth,False,,55 Cancri e,9.0,False,0.0,0.0,0.0,0.0,0.0,SOT
AOFA0VN4,Europa,False,B/239/P,55 Cancri e,54.0,True,0.0,316.0,1.0,2038.0,388.0,DFF
AOICLS2P,Earth,True,G/643/P,TRAPPIST-1e,55.0,False,0.0,0.0,0.0,0.0,0.0,ZHG
APANPPMY,Earth,False,G/603/P,TRAPPIST-1e,18.0,False,18.0,2.0,1769.0,1.0,2.0,OGR
APGQ3RPP,Earth,True,G/1389/S,55 Cancri e,13.0,False,0.0,0.0,0.0,0.0,0.0,TXI
AQMPG3HY,Mars,False,D/118/P,TRAPPIST-1e,17.0,False,1617.0,0.0,1777.0,0.0,0.0,XQS
ATK2AF4S,Earth,True,G/230/S,TRAPPIST-1e,0.0,False,0.0,0.0,0.0,0.0,0.0,OXK
AXZNMSJA,Europa,True,B/14/S,TRAPPIST-1e,19.0,False,0.0,0.0,0.0,0.0,0.0,MJT
B5Z0V2RS,,True,B/218/S,TRAPPIST-1e,33.0,False,0.0,0.0,0.0,0.0,0.0,QOK
B70A1E8U,Earth,True,G/299/S,TRAPPIST-1e,14.0,False,0.0,0.0,0.0,0.0,0.0,RCZ
BBENUVBV,Earth,False,F/799/S,TRAPPIST-1e,55.0,False,0.0,252.0,1.0,0.0,553.0,SAW
BBHV1YN6,Earth,False,G/655/P,55 Cancri e,11.0,False,0.0,0.0,0.0,0.0,0.0,ZVS
BDRE64Q5,Europa,True,B/195/P,TRAPPIST-1e,35.0,False,0.0,0.0,0.0,0.0,0.0,SOG
BFNL3PCC,Earth,False,E/156/S,55 Cancri e,61.0,False,0.0,654.0,902.0,0.0,68.0,AMG
BH4WE9Z5,Earth,False,E/163/S,TRAPPIST-1e,22.0,False,12.0,746.0,802.0,58.0,0.0,GBO
BH81V4N6,Earth,True,G/1011/P,55 Cancri e,23.0,False,0.0,0.0,0.0,0.0,0.0,LFL
BKXIKKYA,Earth,False,F/491/S,TRAPPIST-1e,36.0,False,548.0,179.0,24.0,0.0,77.0,GBI
BP2NUMS4,Earth,False,F/552/S,TRAPPIST-1e,25.0,False,0.0,9.0,2005.0,0.0,5.0,PFR
BQA7NUX3,Earth,False,F/990/P,PSO J318.5-22,13.0,False,0.0,611.0,0.0,0.0,0.0,TBW
BRB76E21,Europa,True,D/250/P,55 Cancri e,35.0,False,0.0,0.0,0.0,0.0,0.0,FIZ
BS5TXYYW,Earth,False,G/419/P,TRAPPIST-1e,28.0,False,4.0,166.0,743.0,0.0,0.0,EZX
BUHZVTGK,Earth,True,G/1358/P,PSO J318.5-22,19.0,False,0.0,0.0,0.0,0.0,0.0,MUJ
BVREJXV5,Earth,False,G/1155/S,TRAPPIST-1e,35.0,False,2224.0,,105.0,1.0,0.0,MPI
BVROHB3Z,Mars,False,E/8/S,TRAPPIST-1e,45.0,False,2103.0,6.0,0.0,0.0,0.0,VXK
BXZ0JUA3,Earth,False,F/1756/S,PSO J318.5-22,30.0,False,1269.0,9.0,0.0,0.0,0.0,UUN
BY9SDBG4,Earth,False,E/100/S,TRAPPIST-1e,25.0,False,0.0,997.0,0.0,0.0,0.0,PIA
BYZTRK2L,Mars,True,F/925/S,TRAPPIST-1e,18.0,False,0.0,0.0,0.0,0.0,0.0,VQN
C0ECKU77,Mars,True,F/1888/P,55 Cancri e,2.0,False,0.0,0.0,0.0,0.0,0.0,MEM
C205MTTV,Earth,True,G/960/S,PSO J318.5-22,63.0,False,0.0,0.0,0.0,0.0,0.0,EIQ
C2B6NL0Y,Mars,False,F/903/P,TRAPPIST-1e,27.0,False,875.0,0.0,61.0,289.0,0.0,QUJ
C33DXUQW,Mars,False,D/188/S,TRAPPIST-1e,47.0,,5.0,1027.0,0.0,24.0,0.0,RQQ
C407YWPP,Europa,False,B/226/P,TRAPPIST-1e,25.0,False,0.0,0.0,0.0,0.0,0.0,UJS
C7TARFOR,Europa,True,C/282/S,55 Cancri e,49.0,False,0.0,0.0,0.0,0.0,0.0,FJL
CBVK10N1,Mars,False,F/523/S,TRAPPIST-1e,0.0,False,0.0,0.0,0.0,0.0,0.0,CYT
CD9K6SGQ,Earth,True,G/734/S,TRAPPIST-1e,31.0,False,0.0,0.0,0.0,0.0,0.0,BOG
CDDZWZ74,Mars,True,D/186/P,55 Cancri e,21.0,False,0.0,0.0,0.0,0.0,0.0,UIQ
CF0EKCAE,Earth,False,F/1712/P,TRAPPIST-1e,24.0,False,0.0,0.0,729.0,,75.0,LQB
CFNB5KE7,Earth,False,E/80/S,TRAPPIST-1e,28.0,False,2.0,0.0,0.0,787.0,3.0,SBM
CH3DOPLU,Earth,False,F/1739/S,TRAPPIST-1e,41.0,False,0.0,924.0,,0.0,0.0,CAL
CI33TXNQ,Earth,False,G/543/S,TRAPPIST-1e,22.0,False,0.0,269.0,0.0,100.0,28.0,SNQ
CIYR1J1C,Europa,False,C/309/P,TRAPPIST-1e,26.0,False,8586.0,77.0,114.0,29.0,4.0,OTD
CO4WCN1V,Europa,True,C/109/S,TRAPPIST-1e,40.0,False,0.0,,0.0,0.0,0.0,EUY
CQIHQ3D0,Mars,,D/161/P,TRAPPIST-1e,22.0,False,223.0,0.0,630.0,14.0,0.0,BRG
CR5A4TQA,Europa,False,A/107/S,TRAPPIST-1e,13.0,False,24.0,838.0,1069.0,1376.0,181.0,DLB
CRDJ03HY,Mars,True,F/1405/P,TRAPPIST-1e,18.0,False,0.0,0.0,0.0,0.0,0.0,KWP
CUNO9FVK,,False,F/1432/S,TRAPPIST-1e,54.0,True,1770.0,7.0,228.0,0.0,0.0,MBN
CWWE2PIH,Europa,False,B/270/P,TRAPPIST-1e,5.0,False,0.0,0.0,0.0,0.0,0.0,KLA
CXDBC4PX,Earth,False,G/47/P,TRAPPIST-1e,24.0,False,90.0,2.0,1324.0,17.0,0.0,QNK
CXSECY6C,Earth,True,G/887/S,TRAPPIST-1e,20.0,False,0.0,0.0,0.0,0.0,0.0,INW
CYUTBI2X,Earth,False,F/154/S,55 Cancri e,15.0,False,0.0,59.0,714.0,0.0,3.0,TEK
D3YXIFS5,Earth,False,G/659/S,55 Cancri e,5.0,False,0.0,0.0,0.0,0.0,0.0,YXP
D4BJXSNT,Mars,False,F/460/P,PSO J318.5-22,36.0,False,241.0,0.0,670.0,0.0,0.0,UAS
D7IS35DQ,Mars,True,F/148/S,TRAPPIST-1e,1.0,False,0.0,0.0,0.0,0.0,0.0,UWA
D8K2OMTK,Europa,,E/11/P,55 Cancri e,33.0,False,0.0,1249.0,0.0,4812.0,1116.0,WKE
D8RZPLC5,Earth,True,G/1323/S,55 Cancri e,26.0,False,,0.0,0.0,0.0,0.0,ING
D9B1OTHP,Earth,False,F/346/S,TRAPPIST-1e,33.0,False,0.0,763.0,8.0,2.0,30.0,EKD
D9D98V7A,Mars,True,F/609/P,55 Cancri e,23.0,False,0.0,0.0,0.0,0.0,0.0,CBN
DA43L55Z,Earth,True,G/469/P,55 Cancri e,0.0,False,0.0,0.0,0.0,0.0,0.0,ZTW
DATCOJ0L,,False,F/1763/P,TRAPPIST-1e,25.0,False,637.0,0.0,89.0,312.0,2.0,CZC
DATRTURP,Mars,True,F/1279/S,TRAPPIST-1e,35.0,False,0.0,0.0,,0.0,0.0,WNN
DCG6XMIP,Mars,True,F/1765/S,,41.0,False,0.0,0.0,0.0,0.0,0.0,WSI
DCUOM81H,Earth,True,G/826/S,PSO J318.5-22,29.0,False,0.0,0.0,0.0,0.0,0.0,ENN
DEXO7A1I,Earth,False,F/140/S,55 Cancri e,22.0,False,15.0,142.0,0.0,41.0,493.0,QJO
DFAQZ8GN,Earth,False,G/86/P,TRAPPIST-1e,65.0,False,0.0,0.0,521.0,105.0,0.0,UJQ
DHPMI9MG,Europa,False,D/110/P,TRAPPIST-1e,52.0,False,6.0,2333.0,11.0,1149.0,1.0,NHS
DIPPQOST,Mars,False,E/231/S,TRAPPIST-1e,21.0,False,2.0,0.0,898.0,148.0,0.0,PHU
DISS0UAH,Earth,False,G/594/S,TRAPPIST-1e,,False,42.0,0.0,671.0,71.0,0.0,ALT
DLB012YQ,Earth,False,F/1664/P,TRAPPIST-1e,29.0,False,12.0,2.0,0.0,432.0,1548.0,ILE
DN97ED4F,Earth,False,F/1366/P,55 Cancri e,36.0,False,695.0,,0.0,0.0,0.0,NSY
DOE5G7SV,Europa,True,A/82/S,55 Cancri e,48.0,False,0.0,0.0,0.0,0.0,0.0,VFQ
DXM7OIHG,Europa,True,B/279/P,55 Cancri e,18.0,False,0.0,0.0,0.0,0.0,0.0,MYE
DYLFP8NS,Earth,,F/1844/P,PSO J318.5-22,27.0,False,32.0,8.0,5.0,588.0,18.0,KIL
E0CQH3T5,Mars,True,F/1146/P,TRAPPIST-1e,17.0,False,0.0,0.0,0.0,0.0,0.0,YYU
E0XBAZ4M,Earth,True,G/644/P,TRAPPIST-1e,28.0,False,0.0,0.0,0.0,0.0,0.0,XEU
E1FGZUHX,Earth,False,G/981/S,TRAPPIST-1e,49.0,False,0.0,,0.0,0.0,0.0,PMC
E26WB7D0,Mars,False,F/846/P,TRAPPIST-1e,54.0,True,111.0,0.0,1144.0,8.0,23.0,QFV
E31HJ8JF,Mars,False,E/414/S,TRAPPIST-1e,33.0,False,559.0,0.0,145.0,594.0,0.0,UUJ
E6J24J7U,Earth,False,F/1047/S,PSO J318.5-22,37.0,False,0.0,0.0,559.0,11.0,0.0,LAQ
EAZCX048,Mars,False,F/551/P,55 Cancri e,,False,1722.0,4.0,937.0,0.0,0.0,UIE
ED53RXLW,,True,B/163/S,TRAPPIST-1e,25.0,False,0.0,0.0,0.0,0.0,0.0,CZC
ED6BRINX,,True,C/158/S,TRAPPIST-1e,22.0,False,0.0,0.0,0.0,0.0,0.0,FWK
EDL4P6X5,Europa,True,B/340/S,55 Cancri e,29.0,False,0.0,0.0,0.0,0.0,0.0,ECH
EG140VFE,Earth,False,F/1016/P,TRAPPIST-1e,22.0,False,61.0,0.0,214.0,445.0,,KXD
EGQOCDM1,Earth,False,G/573/S,55 Cancri e,19.0,False,0.0,336.0,508.0,1.0,0.0,JWJ
EJSFM9F4,Europa,False,A/54/S,TRAPPIST-1e,28.0,False,0.0,1883.0,0.0,1.0,4560.0,GJY
EKTLSF7Y,Earth,False,G/1082/P,TRAPPIST-1e,36.0,False,,361.0,512.0,34.0,0.0,OSA
ELWQ9GP6,Europa,False,E/96/P,TRAPPIST-1e,30.0,False,0.0,1376.0,43.0,0.0,1460.0,XWR
EPUVJ522,Earth,False,G/281/P,55 Cancri e,20.0,False,1.0,808.0,0.0,0.0,0.0,KAZ
EQ3L8GVP,Earth,True,,TRAPPIST-1e,16.0,False,0.0,0.0,0.0,0.0,0.0,YBU
ERTQAWES,Earth,False,F/264/P,TRAPPIST-1e,19.0,False,0.0,4.0,109.0,0.0,671.0,PRW
ESNNH976,Earth,False,,TRAPPIST-1e,44.0,False,266.0,3.0,2.0,0.0,748.0,GBB
EVN36ZPN,Mars,False,F/763/P,TRAPPIST-1e,34.0,False,1404.0,0.0,4.0,359.0,0.0,XQP
EYKPFREK,Mars,True,F/1279/P,55 Cancri e,59.0,False,0.0,0.0,0.0,0.0,0.0,CYQ
EZ2B5ZXY,Europa,True,B/258/P,55 Cancri e,16.0,False,0.0,0.0,0.0,0.0,0.0,VOS
F20FT1WY,Earth,False,G/734/S,TRAPPIST-1e,39.0,False,0.0,2.0,0.0,69.0,836.0,RSF
F23SGF3P,Europa,True,B/8/S,TRAPPIST-1e,50.0,False,0.0,0.0,0.0,,0.0,LGI
F2CJJS71,Mars,False,E/333/P,TRAPPIST-1e,,False,134.0,0.0,6.0,1450.0,0.0,VXT
F41LN4AI,Europa,True,C/319/S,55 Cancri e,24.0,False,0.0,0.0,0.0,0.0,0.0,LZV
F43UZ0QU,Mars,False,D/210/P,TRAPPIST-1e,25.0,True,,280.0,714.0,0.0,0.0,GEB
F4D53A54,Mars,False,F/461/S,TRAPPIST-1e,23.0,False,1773.0,0.0,78.0,0.0,3.0,TAU
F54XAZC3,Europa,False,C/182/S,TRAPPIST-1e,28.0,True,0.0,3119.0,0.0,1404.0,366.0,VDK
F67NMW4A,Earth,False,G/1374/P,TRAPPIST-1e,24.0,False,0.0,171.0,591.0,22.0,0.0,NIX
F8BNMQ16,Europa,False,,TRAPPIST-1e,26.0,True,0.0,3638.0,0.0,1043.0,0.0,SQL
F9H0GCMW,Earth,False,G/902/P,TRAPPIST-1e,24.0,False,56.0,22.0,285.0,1453.0,0.0,MSS
FCJQM1YR,Europa,True,C/268/P,55 Cancri e,26.0,False,0.0,0.0,0.0,0.0,0.0,VZA
FD6T7IGA,Europa,False,C/81/P,55 Cancri e,19.0,False,0.0,,0.0,0.0,8195.0,FMT
FEF8DAQQ,Europa,,D/246/S,TRAPPIST-1e,22.0,False,0.0,3716.0,0.0,1098.0,2065.0,GXH
FIWCXA07,Mars,True,F/1007/S,TRAPPIST-1e,22.0,False,0.0,0.0,0.0,0.0,0.0,BYK
FIZMY9OX,Mars,False,D/228/S,TRAPPIST-1e,19.0,False,1823.0,36.0,81.0,0.0,0.0,SLG
FKVNIEQV,Earth,True,G/1084/P,TRAPPIST-1e,66.0,False,0.0,0.0,,0.0,0.0,XND
FMZAV6T0,Earth,False,G/513/P,PSO J318.5-22,31.0,False,0.0,140.0,394.0,0.0,0.0,ZKD
FP2UNI10,Europa,,B/315/S,TRAPPIST-1e,2.0,False,0.0,0.0,0.0,0.0,,NTX
FQ1AIXPI,Earth,False,F/1439/S,PSO J318.5-22,40.0,False,420.0,0.0,345.0,1.0,0.0,ONQ
FQ8GFF16,Europa,True,C/200/P,55 Cancri e,42.0,False,0.0,0.0,0.0,0.0,0.0,XSM
FQNXKRGM,Earth,False,F/1124/P,55 Cancri e,13.0,False,4.0,99.0,1.0,0.0,595.0,QMR
FRZGSQUG,Earth,False,G/320/P,PSO J318.5-22,17.0,False,414.0,0.0,139.0,28.0,173.0,BLQ
FSBBE6DG,Europa,True,B/334/S,55 Cancri e,40.0,False,0.0,0.0,0.0,0.0,0.0,YYT
FTHKMXPN,Earth,False,G/104/S,TRAPPIST-1e,20.0,,,215.0,0.0,541.0,0.0,UUL
FTSCSRL1,Earth,True,G/636/S,TRAPPIST-1e,14.0,False,0.0,0.0,0.0,0.0,0.0,BTA
FY43DM4S,Mars,True,F/1362/P,55 Cancri e,68.0,False,0.0,0.0,0.0,0.0,0.0,WJO
G0FNSAZ5,Europa,True,C/42/P,TRAPPIST-1e,29.0,False,0.0,0.0,,0.0,0.0,TST
G27XRUED,Europa,False,C/155/S,55 Cancri e,40.0,False,2320.0,0.0,4874.0,3131.0,498.0,HQW
G2N1JJ58,Earth,False,G/1089/P,TRAPPIST-1e,29.0,False,68.0,74.0,713.0,37.0,15.0,MLU
G5RY95TK,Europa,False,B/232/S,TRAPPIST-1e,36.0,False,0.0,1828.0,9058.0,1.0,2.0,ZAZ
G6EFFSI0,Earth,False,G/53/S,TRAPPIST-1e,24.0,False,0.0,0.0,592.0,177.0,58.0,RHU
GAEEI2NA,Mars,False,F/1328/S,TRAPPIST-1e,20.0,False,3839.0,57.0,1967.0,4.0,2.0,ZNU
GAPO52BX,Earth,True,G/602/P,TRAPPIST-1e,16.0,False,0.0,0.0,0.0,0.0,0.0,AKX
GB68JE1L,Europa,True,A/51/P,TRAPPIST-1e,29.0,False,0.0,0.0,0.0,0.0,0.0,LUP
GCROY8QX,Europa,False,D/208/S,TRAPPIST-1e,27.0,,69.0,2878.0,0.0,4232.0,3798.0,SCZ
GECTF9UY,Mars,False,D/186/S,TRAPPIST-1e,49.0,False,2209.0,42.0,109.0,23.0,0.0,DCZ
GF2F58XY,Europa,True,C/75/P,55 Cancri e,44.0,False,0.0,0.0,0.0,0.0,0.0,IUA
GHH03NAR,Earth,False,,TRAPPIST-1e,20.0,False,379.0,,29.0,39.0,91.0,EJI
GJVHUTSW,Earth,False,E/276/P,TRAPPIST-1e,23.0,False,115.0,1.0,0.0,,249.0,KNT
GMNG4A1L,Earth,False,G/894/P,PSO J318.5-22,22.0,False,688.0,5.0,80.0,0.0,0.0,FIX
GNHOECMD,Earth,True,G/479/P,55 Cancri e,39.0,False,0.0,0.0,0.0,0.0,0.0,AGD
GOOP5IGN,Europa,True,C/18/P,TRAPPIST-1e,,False,0.0,0.0,,0.0,0.0,DHJ
GUPQR7R5,Earth,True,G/154/S,TRAPPIST-1e,15.0,False,0.0,0.0,0.0,0.0,0.0,BOV
GW9WJBOT,,True,D/41/P,55 Cancri e,33.0,False,0.0,0.0,0.0,0.0,0.0,WBS
GX3REGXI,Europa,True,C/66/P,TRAPPIST-1e,15.0,False,0.0,0.0,0.0,0.0,0.0,AQW
GX6QP59L,,True,B/130/S,55 Cancri e,26.0,False,0.0,0.0,0.0,0.0,0.0,GGM
H1FDDV1M,Europa,False,C/101/P,55 Cancri e,33.0,False,0.0,1001.0,2280.0,,29.0,RED
H2OWEG0W,Earth,False,E/173/P,TRAPPIST-1e,34.0,False,0.0,250.0,23.0,0.0,514.0,OQB
H4H8LOQJ,Mars,True,F/1607/S,TRAPPIST-1e,28.0,False,0.0,0.0,0.0,0.0,0.0,ZUQ
H4SO0W7G,Mars,False,F/1077/S,55 Cancri e,18.0,False,2803.0,0.0,17.0,0.0,0.0,FVP
H7Y9NFW2,Earth,False,F/304/S,PSO J318.5-22,16.0,False,0.0,1519.0,0.0,0.0,766.0,ADK
HBDWQD5Y,Europa,False,C/29/P,55 Cancri e,36.0,True,0.0,13248.0,100.0,1953.0,1.0,OVN
HBFAVL92,Earth,True,F/1555/S,55 Cancri e,2.0,False,0.0,0.0,0.0,0.0,0.0,XFE
HC0RZQKK,,True,G/1142/S,PSO J318.5-22,16.0,False,0.0,0.0,0.0,0.0,0.0,HJA
HCAB2ZGX,Europa,False,C/300/S,TRAPPIST-1e,59.0,False,0.0,2593.0,0.0,98.0,0.0,KJW
HCYEJB4X,Earth,,G/1023/S,TRAPPIST-1e,7.0,False,0.0,0.0,0.0,0.0,0.0,KCN
HD6HQTNS,Europa,True,C/316/S,55 Cancri e,35.0,False,0.0,0.0,0.0,0.0,0.0,KIM
HE44027K,Mars,False,F/265/P,TRAPPIST-1e,17.0,False,948.0,47.0,292.0,0.0,0.0,EFO
HE6FAVIL,Europa,False,B/93/P,TRAPPIST-1e,33.0,False,0.0,0.0,0.0,0.0,0.0,ZOU
HFWHQIYF,Earth,False,F/584/S,TRAPPIST-1e,40.0,False,0.0,0.0,0.0,822.0,2.0,JNK
HH3CNC9B,Mars,False,F/270/S,TRAPPIST-1e,36.0,False,42.0,0.0,212.0,151.0,1853.0,BSS
HKATHPOS,Mars,False,F/124/P,TRAPPIST-1e,26.0,False,1252.0,0.0,46.0,124.0,6.0,PFQ
HL71CVM7,Earth,False,,TRAPPIST-1e,0.0,False,0.0,0.0,0.0,0.0,0.0,RUV
HLASNA9G,Earth,False,F/535/S,55 Cancri e,21.0,False,13.0,,1098.0,64.0,1.0,GZY
HLVCLRQ6,Earth,,G/292/S,TRAPPIST-1e,25.0,False,0.0,60.0,0.0,646.0,1115.0,TZE
HMJC3PXF,Europa,True,B/318/S,TRAPPIST-1e,31.0,False,0.0,0.0,0.0,0.0,0.0,ENR
HNK1NP7Y,Earth,True,G/319/P,PSO J318.5-22,38.0,False,0.0,0.0,0.0,0.0,0.0,HUO
HNN1VCX8,Earth,False,F/1350/S,PSO J318.5-22,45.0,False,0.0,0.0,0.0,0.0,595.0,PZE
HNQM4FVN,Earth,False,F/449/S,55 Cancri e,24.0,False,1367.0,0.0,1.0,0.0,0.0,UZK
HTI3H5PC,,True,F/1108/S,55 Cancri e,39.0,False,0.0,0.0,0.0,0.0,0.0,CPK
HXA1QXIV,Earth,True,G/1418/S,55 Cancri e,3.0,False,0.0,0.0,0.0,0.0,0.0,OZD
HXA5ZYJB,Europa,False,D/258/P,TRAPPIST-1e,23.0,False,0.0,2984.0,23.0,686.0,173.0,MKP
HYYGPF42,Earth,True,G/959/P,TRAPPIST-1e,38.0,False,0.0,0.0,0.0,0.0,0.0,DJV
I04D5E0D,Europa,True,B/340/S,55 Cancri e,15.0,False,0.0,0.0,0.0,0.0,0.0,DNQ
I3O19WXK,Earth,False,E/98/S,TRAPPIST-1e,29.0,False,28.0,0.0,561.0,203.0,0.0,WFI
I7OTCVDB,Mars,False,E/599/S,TRAPPIST-1e,26.0,False,733.0,0.0,1296.0,80.0,0.0,XDI
I8Z2PLG2,Earth,False,F/989/S,TRAPPIST-1e,63.0,False,0.0,281.0,94.0,0.0,270.0,IDL
I9S5O45Q,,False,F/898/P,TRAPPIST-1e,13.0,False,552.0,247.0,0.0,4.0,0.0,KYZ
I9TTQ0XU,Earth,False,F/1704/S,TRAPPIST-1e,34.0,False,14.0,748.0,0.0,41.0,0.0,UFS
IBQD1S7I,Earth,False,F/521/S,TRAPPIST-1e,44.0,False,1178.0,1.0,348.0,0.0,0.0,JNE
IEHH789F,Earth,False,G/598/P,TRAPPIST-1e,26.0,False,808.0,60.0,0.0,16.0,3.0,ZWP
IHPLFMYC,Earth,True,G/1488/S,TRAPPIST-1e,37.0,False,0.0,0.0,0.0,0.0,0.0,PTV
IHZXHHX6,Europa,False,B/120/S,TRAPPIST-1e,43.0,False,0.0,1440.0,0.0,85.0,150.0,JVI
IINBXK5E,Europa,True,C/247/P,TRAPPIST-1e,14.0,False,0.0,0.0,0.0,0.0,0.0,XGX
IMC8DNSD,Earth,False,G/1188/S,TRAPPIST-1e,40.0,False,678.0,0.0,229.0,0.0,0.0,ABR
INLKFJS1,Europa,False,C/4/S,TRAPPIST-1e,38.0,False,0.0,5840.0,0.0,321.0,9654.0,PLJ
IQGK02GA,Earth,False,E/121/P,TRAPPIST-1e,23.0,False,382.0,0.0,398.0,8.0,0.0,YDS
IQP9G8CI,Earth,False,E/314/S,TRAPPIST-1e,38.0,False,161.0,3.0,0.0,624.0,0.0,CGP
ISFW2ZAO,Mars,False,D/128/P,TRAPPIST-1e,33.0,False,3361.0,0.0,13.0,15.0,0.0,GDF
IU7W50HK,Mars,True,D/93/S,55 Cancri e,25.0,False,0.0,0.0,0.0,0.0,0.0,VTC
IVH7I03R,Europa,True,B/224/P,TRAPPIST-1e,21.0,False,0.0,0.0,0.0,0.0,0.0,NJD
IXHH93TT,Earth,False,G/1476/S,55 Cancri e,12.0,False,0.0,0.0,0.0,0.0,0.0,OHM
J3ENE7JF,Earth,True,E/82/P,55 Cancri e,2.0,False,0.0,0.0,0.0,0.0,0.0,OCG
J4AZ2T9A,Earth,False,G/351/P,TRAPPIST-1e,41.0,False,2.0,0.0,551.0,5577.0,68.0,LTH
JAGBW1B8,Europa,False,C/91/P,TRAPPIST-1e,26.0,False,0.0,8150.0,0.0,3508.0,99.0,MHB
JAWMYP0A,Europa,False,,TRAPPIST-1e,52.0,False,0.0,3275.0,111.0,51.0,18.0,FIO
JBHNO9OR,Europa,False,,55 Cancri e,52.0,False,13.0,6074.0,0.0,10385.0,299.0,FYN
JDSGQUBY,Europa,True,B/188/P,55 Cancri e,29.0,True,0.0,0.0,0.0,0.0,0.0,CWQ
JF9XD144,Earth,False,E/591/S,TRAPPIST-1e,47.0,False,,1.0,0.0,967.0,5.0,TAX
JFSMHNG6,Europa,False,A/14/S,TRAPPIST-1e,28.0,True,,0.0,,0.0,0.0,KVN
JJC22UIG,Mars,False,E/390/P,TRAPPIST-1e,50.0,False,513.0,0.0,0.0,764.0,21.0,JMZ
JLREP9MC,Mars,False,F/1450/P,TRAPPIST-1e,26.0,False,1967.0,0.0,116.0,,0.0,HRQ
JN44RW0H,Mars,False,F/1872/P,TRAPPIST-1e,35.0,False,3.0,1376.0,11.0,0.0,360.0,XWT
JQ1YJCJ0,Earth,True,G/872/S,TRAPPIST-1e,24.0,False,0.0,0.0,0.0,0.0,0.0,EXE
JRB30F99,Mars,False,D/176/S,TRAPPIST-1e,27.0,False,89.0,888.0,51.0,5.0,0.0,PJU
JS9XMJXK,Europa,False,E/179/S,TRAPPIST-1e,42.0,False,2.0,3024.0,0.0,89.0,10.0,VDT
JSAEPV9Y,Mars,False,D/120/P,TRAPPIST-1e,40.0,False,787.0,0.0,88.0,0.0,0.0,OAO
JTHLH6VD,Earth,False,G/869/P,TRAPPIST-1e,44.0,False,0.0,0.0,5.0,30.0,777.0,UDO
JU2DAHNC,Earth,False,G/522/S,PSO J318.5-22,2.0,False,,0.0,0.0,0.0,0.0,YLC
JX7G6ZD5,Mars,True,D/193/S,TRAPPIST-1e,37.0,False,0.0,0.0,0.0,0.0,0.0,MHR
K0236OPB,Earth,True,G/9/P,TRAPPIST-1e,3.0,False,0.0,0.0,0.0,0.0,0.0,MTU
K0JWPIPB,Earth,False,G/739/P,TRAPPIST-1e,0.0,False,0.0,0.0,0.0,0.0,0.0,OKO
K4IEPSOQ,Earth,True,G/981/S,TRAPPIST-1e,,False,0.0,0.0,0.0,0.0,0.0,FUG
K53XGBIR,Earth,False,E/181/P,TRAPPIST-1e,21.0,False,2.0,417.0,323.0,0.0,84.0,MHJ
KG06PGW7,Europa,True,B/16/P,55 Cancri e,38.0,False,0.0,0.0,,0.0,0.0,GMI
KG13Z3JQ,Earth,False,F/1546/S,TRAPPIST-1e,53.0,False,0.0,0.0,716.0,0.0,0.0,RDH
KJVV859F,Mars,False,D/76/P,TRAPPIST-1e,28.0,False,938.0,61.0,0.0,53.0,4.0,WUF
KLRSI5XR,Europa,True,C/175/P,TRAPPIST-1e,26.0,False,0.0,0.0,0.0,0.0,0.0,ZGL
KMHGAUWX,Mars,True,E/266/P,TRAPPIST-1e,22.0,False,0.0,0.0,0.0,0.0,0.0,HHV
KQEK45GY,Mars,False,D/287/P,TRAPPIST-1e,17.0,False,3146.0,0.0,87.0,135.0,0.0,OWJ
KR60E7LG,Europa,False,A/91/P,TRAPPIST-1e,49.0,False,4.0,44.0,1401.0,1043.0,0.0,DII
KSFURRAP,Mars,True,E/37/S,TRAPPIST-1e,13.0,False,0.0,0.0,0.0,0.0,0.0,FBN
KT3V59CY,Europa,False,C/86/S,55 Cancri e,36.0,False,828.0,5553.0,130.0,47.0,1171.0,JJB
KULCWNIT,Europa,False,C/307/S,55 Cancri e,23.0,False,0.0,395.0,0.0,6.0,,TRD
KYYR33IH,Earth,False,G/1098/S,TRAPPIST-1e,37.0,False,0.0,1190.0,4.0,455.0,71.0,DJU
KZ5JJHNA,Earth,False,F/986/S,55 Cancri e,26.0,False,7.0,751.0,0.0,38.0,0.0,JFQ
L0KZKZVS,Mars,True,F/1293/P,TRAPPIST-1e,22.0,False,0.0,0.0,0.0,0.0,0.0,FZX
L3KH42JE,Earth,False,F/67/S,TRAPPIST-1e,15.0,False,358.0,212.0,33.0,0.0,112.0,UNU
L4F34N79,Earth,False,G/1415/S,TRAPPIST-1e,20.0,False,0.0,91.0,2.0,623.0,93.0,VCL
L66C0GV0,Europa,False,B/234/S,TRAPPIST-1e,56.0,False,679.0,1126.0,0.0,33.0,3230.0,FBJ
L7JLHXPC,Earth,True,G/994/S,TRAPPIST-1e,3.0,False,0.0,0.0,0.0,0.0,0.0,ASE
L8DS4DUM,Earth,False,G/1167/S,TRAPPIST-1e,8.0,False,0.0,0.0,0.0,0.0,0.0,FFD
L948FABS,Earth,False,E/576/S,TRAPPIST-1e,23.0,False,0.0,565.0,0.0,35.0,188.0,BSM
L95XFG5S,Earth,False,F/170/P,PSO J318.5-22,21.0,False,15.0,0.0,2695.0,2.0,0.0,XOO
LDNA2VCT,Earth,False,G/981/S,TRAPPIST-1e,5.0,False,0.0,0.0,0.0,0.0,0.0,TYK
LF4D5M8S,Mars,False,F/937/S,TRAPPIST-1e,20.0,False,0.0,0.0,0.0,0.0,0.0,NMY
LFD7GB9I,Europa,True,D/23/P,TRAPPIST-1e,53.0,False,0.0,0.0,0.0,0.0,0.0,DIG
LLYB129R,Earth,True,G/152/S,TRAPPIST-1e,27.0,,0.0,0.0,0.0,0.0,0.0,VFB
LMWT1Q7X,Earth,False,G/164/S,PSO J318.5-22,15.0,False,521.0,162.0,62.0,5.0,0.0,SFX
LNLCDZSR,Earth,False,F/59/P,TRAPPIST-1e,63.0,False,0.0,25.0,128.0,0.0,1240.0,CIH
LQIIGQCP,Mars,True,F/472/P,TRAPPIST-1e,29.0,False,0.0,,0.0,0.0,0.0,QZI
LRJAMPDS,Earth,False,G/595/P,TRAPPIST-1e,48.0,False,,0.0,1.0,0.0,0.0,QGT
LSTMEDN9,Earth,False,F/1198/S,,33.0,False,6.0,0.0,0.0,0.0,950.0,EOR
LT409B7L,Earth,False,F/1847/P,TRAPPIST-1e,28.0,False,1954.0,43.0,0.0,0.0,7.0,CDW
LUVGNZ8H,Europa,False,A/26/S,TRAPPIST-1e,19.0,False,0.0,1342.0,0.0,152.0,556.0,GQG
LYDFIF31,Mars,True,F/508/P,TRAPPIST-1e,28.0,False,0.0,0.0,0.0,0.0,0.0,SVO
M0DEMRZY,Europa,False,D/45/P,55 Cancri e,33.0,False,13.0,,2011.0,17.0,32.0,BPQ
M1365H5O,Earth,True,G/1391/P,55 Cancri e,18.0,False,0.0,0.0,0.0,0.0,0.0,DVN
M2X0MLC5,Europa,True,C/338/S,TRAPPIST-1e,41.0,False,0.0,0.0,0.0,0.0,0.0,PWD
M5D5LFLF,Europa,False,,TRAPPIST-1e,29.0,False,0.0,7164.0,0.0,58.0,1.0,KNH
M7CY9ZO5,Earth,False,G/256/P,55 Cancri e,7.0,False,0.0,0.0,0.0,0.0,0.0,JIM
M8TCKUTS,Mars,True,F/1275/P,TRAPPIST-1e,34.0,False,0.0,0.0,0.0,0.0,0.0,IUQ
M91QE51O,Earth,True,G/788/S,55 Cancri e,22.0,False,0.0,0.0,0.0,0.0,0.0,QTJ
MB22KX48,Earth,False,F/1738/P,TRAPPIST-1e,27.0,,0.0,0.0,0.0,716.0,0.0,PCF
MF2NQWMM,Mars,False,D/79/P,TRAPPIST-1e,16.0,False,46.0,0.0,1994.0,0.0,677.0,KAH
MFIOPCZX,Earth,False,F/1318/P,PSO J318.5-22,19.0,False,577.0,169.0,0.0,7.0,0.0,WEK
MGRYX1IR,Earth,False,F/1675/S,TRAPPIST-1e,19.0,False,886.0,0.0,0.0,1587.0,12.0,KUL
MHBP6BWC,Earth,False,F/1545/S,TRAPPIST-1e,20.0,False,0.0,52.0,0.0,110.0,614.0,WUR
MHCARI85,Europa,True,B/129/P,55 Cancri e,16.0,False,0.0,0.0,0.0,0.0,0.0,AEM
MIGTJQ10,Earth,True,G/1100/P,TRAPPIST-1e,6.0,False,0.0,0.0,0.0,0.0,0.0,ASI
MJ3F2OUY,Earth,False,E/325/P,,20.0,False,0.0,4.0,761.0,22.0,1.0,SQM
MJP8SS9P,Mars,True,F/357/S,,24.0,False,0.0,0.0,0.0,0.0,0.0,HLE
MKK3FKRK,Europa,False,D/110/P,TRAPPIST-1e,26.0,False,0.0,0.0,0.0,0.0,0.0,QPP
MKZUT9JF,Europa,True,C/198/P,55 Cancri e,20.0,False,,0.0,0.0,0.0,0.0,TVL
MM97A7GH,Earth,False,F/1454/P,TRAPPIST-1e,28.0,False,0.0,0.0,285.0,136.0,337.0,NGP
MNDXZT6W,,True,F/1118/P,TRAPPIST-1e,18.0,False,0.0,0.0,0.0,0.0,0.0,YXC
MR2NFL4Z,Earth,False,G/439/P,TRAPPIST-1e,11.0,False,0.0,0.0,0.0,0.0,0.0,QLP
MTVD4ARK,Europa,True,C/185/P,TRAPPIST-1e,41.0,False,0.0,0.0,0.0,0.0,0.0,HGK
MTVGLDPV,Earth,False,F/755/P,TRAPPIST-1e,19.0,False,0.0,0.0,0.0,484.0,344.0,KLX
MWUUDZHV,Earth,True,G/308/P,55 Cancri e,43.0,False,0.0,0.0,0.0,0.0,0.0,HWZ
MZRRCYVS,Mars,False,F/572/P,55 Cancri e,23.0,False,253.0,0.0,0.0,888.0,0.0,TID
N2KNNI8U,Mars,False,E/431/P,TRAPPIST-1e,41.0,False,1203.0,756.0,140.0,0.0,0.0,WVC
N6DZRCB0,Europa,,C/152/S,TRAPPIST-1e,31.0,False,0.0,0.0,0.0,0.0,0.0,NUL
N81PAEOG,Earth,False,G/1330/S,TRAPPIST-1e,20.0,False,2.0,2.0,876.0,8.0,0.0,GQN
N846UJVW,Earth,True,G/395/P,TRAPPIST-1e,20.0,False,0.0,0.0,0.0,0.0,0.0,VSU
NEBMLI4Q,Earth,,G/250/S,TRAPPIST-1e,4.0,False,0.0,0.0,0.0,0.0,,RER
NEY4UNAE,Earth,False,F/163/S,TRAPPIST-1e,,False,2.0,850.0,18.0,2.0,0.0,WVC
NGIWQHJK,Earth,False,G/1215/S,TRAPPIST-1e,46.0,False,0.0,0.0,1.0,0.0,1778.0,GER
NHFBPYFN,Europa,True,B/332/S,TRAPPIST-1e,60.0,False,0.0,0.0,0.0,0.0,0.0,MYY
NJV6337F,Earth,False,F/165/S,TRAPPIST-1e,19.0,False,0.0,162.0,540.0,0.0,0.0,EOS
NLDFKI4V,Europa,False,C/69/P,55 Cancri e,39.0,False,0.0,,0.0,1528.0,1119.0,ZER
NMI9G9KN,Mars,True,F/1493/S,TRAPPIST-1e,26.0,False,0.0,0.0,0.0,0.0,,AVM
NRVZNWK7,Earth,True,G/974/S,TRAPPIST-1e,23.0,False,0.0,0.0,0.0,0.0,0.0,OLP
NSAWG9W8,Mars,True,D/80/S,TRAPPIST-1e,21.0,False,0.0,,0.0,0.0,0.0,RJM
NW3XQN5H,Europa,False,E/476/S,TRAPPIST-1e,33.0,False,0.0,3624.0,0.0,1537.0,498.0,CXO
NX3ACU5G,Europa,False,B/17/P,55 Cancri e,31.0,True,0.0,11003.0,552.0,8157.0,5688.0,KDG
O4JH3JZG,Earth,False,F/1240/S,TRAPPIST-1e,21.0,False,0.0,31.0,2076.0,77.0,0.0,FPN
O51ZOS2L,Europa,True,B/251/P,55 Cancri e,15.0,False,0.0,0.0,0.0,0.0,0.0,CEH
O57FRVLP,Earth,False,F/352/S,55 Cancri e,24.0,False,0.0,94.0,1.0,56.0,427.0,CWS
O60XD6OT,Earth,,F/1497/S,PSO J318.5-22,37.0,False,0.0,925.0,0.0,0.0,0.0,PTN
O6DND110,Europa,False,C/289/S,TRAPPIST-1e,27.0,False,0.0,9.0,0.0,40.0,7621.0,OHX
O6FC33QJ,Earth,True,G/356/P,PSO J318.5-22,25.0,False,0.0,0.0,0.0,0.0,0.0,PLU
O8RHQXBG,Europa,False,B/117/S,55 Cancri e,10.0,False,0.0,0.0,0.0,0.0,0.0,ETK
OFAQXFM4,Earth,True,G/1356/S,55 Cancri e,23.0,False,0.0,0.0,0.0,0.0,0.0,OVZ
OFBPOZ3F,Earth,True,G/841/P,55 Cancri e,28.0,False,0.0,0.0,0.0,0.0,0.0,RKI
OH21D1KU,Earth,True,G/698/P,TRAPPIST-1e,27.0,False,0.0,0.0,0.0,0.0,0.0,LSH
OIP30X5Y,Earth,False,F/1208/P,TRAPPIST-1e,39.0,False,0.0,0.0,0.0,0.0,1104.0,MJA
OLDQFSAC,,True,G/751/S,TRAPPIST-1e,28.0,False,0.0,0.0,0.0,0.0,0.0,WGK
OR1NBI8U,Earth,False,G/539/P,TRAPPIST-1e,25.0,False,0.0,0.0,762.0,0.0,50.0,JZQ
ORHMGZTV,Mars,True,F/125/P,TRAPPIST-1e,24.0,False,0.0,0.0,0.0,0.0,0.0,LMV
OVD6BYJ9,Earth,False,G/655/P,TRAPPIST-1e,8.0,False,0.0,0.0,0.0,0.0,0.0,OYL
OWIC14V7,Earth,False,F/194/S,TRAPPIST-1e,14.0,False,756.0,84.0,0.0,8.0,99.0,WEE
OYUQBYIW,Earth,False,G/974/P,TRAPPIST-1e,11.0,False,0.0,0.0,0.0,0.0,0.0,TML
OZGRJDOU,Europa,True,B/194/P,TRAPPIST-1e,22.0,False,0.0,0.0,0.0,0.0,0.0,BOC
P25HTZ5A,Earth,True,G/1332/S,,35.0,False,0.0,0.0,0.0,0.0,0.0,PZV
P32SOO83,Europa,False,B/238/P,55 Cancri e,37.0,False,1.0,4462.0,1.0,9206.0,3.0,OJX
P36FIU7K,Europa,False,B/218/S,55 Cancri e,38.0,False,0.0,1198.0,48.0,278.0,1244.0,FWL
P4MT5OXW,Earth,False,F/847/P,TRAPPIST-1e,23.0,False,15.0,1.0,777.0,3.0,3.0,DQB
P53YX7BS,Earth,True,G/1390/S,TRAPPIST-1e,6.0,,0.0,0.0,0.0,0.0,0.0,FYL
P6AVGC2R,Europa,False,B/189/S,,54.0,True,0.0,2853.0,0.0,0.0,1666.0,WCU
P6P7D0V7,Mars,True,F/1660/P,TRAPPIST-1e,18.0,False,0.0,0.0,0.0,0.0,0.0,TDH
P8FDOQRX,Earth,False,F/50/S,TRAPPIST-1e,22.0,False,0.0,0.0,313.0,299.0,92.0,LYA
P96TKRU7,Earth,False,F/325/P,TRAPPIST-1e,22.0,False,1300.0,0.0,,0.0,1134.0,JJE
P9LYSKCE,Mars,False,E/578/S,TRAPPIST-1e,29.0,False,230.0,0.0,1404.0,464.0,0.0,TVU
PA6CVNRF,Earth,True,G/1078/S,TRAPPIST-1e,15.0,False,0.0,0.0,0.0,0.0,0.0,LNT
PA7HL2U7,Mars,True,E/94/P,TRAPPIST-1e,42.0,False,0.0,0.0,0.0,0.0,,YRG
PCP4L1Y3,Earth,False,G/1127/P,TRAPPIST-1e,21.0,False,27.0,,782.0,0.0,0.0,UCS
PHBY161B,Europa,False,B/207/P,TRAPPIST-1e,31.0,False,0.0,0.0,0.0,0.0,0.0,EUI
PLBQ6CLS,Earth,False,G/419/S,TRAPPIST-1e,22.0,False,,0.0,137.0,671.0,,FVO
PNWZ6HHJ,Mars,False,F/1205/S,TRAPPIST-1e,28.0,False,158.0,0.0,0.0,465.0,0.0,PAJ
POBO1AIA,Earth,False,F/1064/P,TRAPPIST-1e,25.0,False,10.0,0.0,908.0,5.0,0.0,FMX
PODSZQB9,Mars,True,F/248/S,TRAPPIST-1e,10.0,False,0.0,0.0,0.0,0.0,0.0,USN
PP9ZMB5R,Earth,True,G/765/S,TRAPPIST-1e,11.0,False,0.0,0.0,0.0,0.0,0.0,KZD
PPWT7M1V,Earth,False,G/184/S,TRAPPIST-1e,11.0,False,0.0,0.0,0.0,0.0,0.0,PVU
PQWWKLQ6,Europa,,C/259/S,55 Cancri e,57.0,False,0.0,0.0,0.0,0.0,0.0,WWS
PR6DWOO8,,False,G/327/S,55 Cancri e,22.0,False,1430.0,0.0,0.0,0.0,423.0,VTJ
PRCQLFVV,Earth,False,E/59/S,TRAPPIST-1e,13.0,False,2.0,1.0,30.0,,0.0,DAJ
PTUKMJAY,Europa,True,B/92/P,TRAPPIST-1e,44.0,False,0.0,0.0,0.0,0.0,0.0,GQF
PTY0RTTA,Mars,True,E/543/S,TRAPPIST-1e,62.0,False,0.0,0.0,0.0,0.0,0.0,GOM
PWHSTBB2,Europa,True,B/64/S,TRAPPIST-1e,35.0,False,0.0,0.0,0.0,0.0,0.0,AWC
PYFQ5YNI,Earth,False,F/472/S,TRAPPIST-1e,42.0,False,,1.0,61.0,897.0,0.0,QWB
Q3SSNB2U,Mars,False,F/961/P,55 Cancri e,0.0,,0.0,0.0,0.0,0.0,0.0,ZCJ
Q46MB4ES,Earth,False,E/106/P,55 Cancri e,17.0,False,68.0,0.0,0.0,0.0,795.0,FDK
Q4T7YZO7,,False,E/111/S,TRAPPIST-1e,21.0,False,894.0,1.0,0.0,61.0,26.0,OYV
QB0F8A2C,Earth,False,G/1079/P,TRAPPIST-1e,20.0,False,402.0,25.0,9.0,373.0,0.0,KZB
QBT81F5J,Europa,True,,TRAPPIST-1e,17.0,False,0.0,0.0,0.0,0.0,0.0,QVC
QEK39KS7,Earth,False,G/1382/P,TRAPPIST-1e,49.0,False,188.0,0.0,143.0,1443.0,555.0,VGT
QMBD23SB,Earth,False,G/23/S,PSO J318.5-22,47.0,False,97.0,418.0,126.0,25.0,55.0,NNA
QNJWOBUW,Mars,True,F/1487/S,TRAPPIST-1e,18.0,False,0.0,0.0,0.0,0.0,0.0,NDF
QV8SCMMT,Earth,False,G/1011/S,TRAPPIST-1e,20.0,False,0.0,0.0,841.0,5.0,0.0,CIG
QZLT6NFR,Earth,False,F/1666/S,,50.0,False,133.0,0.0,525.0,0.0,31.0,QXT
R0NP5735,Mars,True,F/144/S,55 Cancri e,27.0,False,0.0,0.0,0.0,0.0,0.0,DXH
R17AWSQC,Mars,False,F/958/S,TRAPPIST-1e,16.0,False,1285.0,,14.0,1386.0,0.0,SBA
R1SSN9TH,Europa,True,C/247/S,TRAPPIST-1e,26.0,False,0.0,0.0,0.0,0.0,0.0,CPX
R1U7F2E2,Europa,True,C/21/S,55 Cancri e,29.0,False,0.0,0.0,0.0,0.0,0.0,QZV
R78RXPTB,Mars,True,E/13/S,TRAPPIST-1e,21.0,False,0.0,0.0,0.0,0.0,0.0,BNC
R9J3ARZM,Europa,False,B/201/P,55 Cancri e,24.0,False,0.0,2421.0,0.0,725.0,2300.0,TXM
RB25TJW7,Mars,True,F/1643/S,TRAPPIST-1e,40.0,False,0.0,0.0,0.0,0.0,0.0,BSD
RBQQB679,Mars,True,F/1316/S,TRAPPIST-1e,46.0,False,,0.0,0.0,0.0,0.0,YTB
RDQ52K0Y,Earth,True,G/1488/P,PSO J318.5-22,19.0,False,0.0,0.0,0.0,0.0,0.0,TMX
RG2IW05Q,Europa,False,C/158/S,55 Cancri e,39.0,False,106.0,243.0,126.0,7.0,4967.0,CLA
RI23XPK7,,True,G/395/S,PSO J318.5-22,16.0,False,0.0,0.0,0.0,0.0,0.0,ESI
RI5COIAA,Earth,False,F/1206/S,TRAPPIST-1e,21.0,False,0.0,296.0,2.0,0.0,1543.0,WQK
RJVZE59D,Mars,False,F/262/S,TRAPPIST-1e,39.0,False,1535.0,0.0,340.0,0.0,723.0,GSN
RKV6UEJD,Earth,False,G/1058/S,TRAPPIST-1e,6.0,,0.0,0.0,0.0,0.0,0.0,BIV
ROBGPLA2,Earth,True,G/69/S,55 Cancri e,15.0,False,0.0,0.0,0.0,0.0,0.0,MBG
RPFKNXDL,Mars,True,F/1501/S,TRAPPIST-1e,46.0,False,0.0,0.0,0.0,0.0,0.0,TTK
RQK4MKVC,Earth,True,G/658/S,TRAPPIST-1e,27.0,False,0.0,0.0,0.0,0.0,0.0,XHP
RQX5N3WD,Earth,False,F/1570/S,TRAPPIST-1e,49.0,False,0.0,4.0,50.0,0.0,746.0,XOE
RRYMYPTG,Europa,False,C/13/P,55 Cancri e,34.0,False,,5637.0,45.0,1936.0,56.0,TPF
RZJCQ233,Earth,False,E/104/S,,35.0,False,0.0,1125.0,429.0,0.0,55.0,MSP
S00EDV3G,Earth,True,G/875/P,PSO J318.5-22,52.0,False,0.0,0.0,0.0,0.0,0.0,DAA
S5531YZ5,Europa,True,C/24/P,55 Cancri e,14.0,False,0.0,0.0,0.0,0.0,0.0,ZFT
SADIR3D4,Earth,True,G/1344/P,TRAPPIST-1e,18.0,False,0.0,0.0,0.0,0.0,0.0,ZPA
SBZALO0E,Earth,False,G/388/S,,25.0,False,7.0,0.0,0.0,877.0,0.0,OZV
SBZLSCGH,Earth,True,G/1141/P,TRAPPIST-1e,1.0,False,0.0,0.0,0.0,0.0,0.0,XQH
SDV5FC8L,Mars,False,F/1766/S,TRAPPIST-1e,25.0,False,410.0,32.0,14.0,1239.0,10.0,JOL
SEN7699X,Mars,True,F/729/S,55 Cancri e,38.0,False,0.0,0.0,0.0,0.0,0.0,ZKX
SHB90HSR,Mars,False,F/1700/S,TRAPPIST-1e,44.0,False,1.0,0.0,2080.0,11.0,0.0,VIU
SHY107JY,Earth,False,F/347/S,TRAPPIST-1e,,,928.0,20.0,0.0,0.0,0.0,DWX
SJCOQPI6,Mars,True,F/1076/P,TRAPPIST-1e,20.0,False,0.0,0.0,0.0,0.0,0.0,UCQ
SKNVNNI2,Earth,True,G/130/P,TRAPPIST-1e,44.0,False,0.0,0.0,0.0,0.0,0.0,VAU
SLD5TZ1L,Earth,False,G/941/S,,46.0,False,183.0,7.0,637.0,182.0,5.0,IQC
SN6RFBSS,Mars,False,F/123/P,TRAPPIST-1e,46.0,False,21.0,0.0,2155.0,422.0,,YHC
SOD8ZH00,Mars,False,F/151/S,TRAPPIST-1e,,False,1227.0,42.0,1.0,0.0,0.0,UQF
SOX86B1K,Mars,False,F/115/P,TRAPPIST-1e,31.0,False,697.0,0.0,612.0,0.0,0.0,OMO
SQRX6MCG,Earth,False,F/513/P,TRAPPIST-1e,26.0,False,552.0,192.0,30.0,0.0,1.0,UFY
SR9A3JA6,Earth,False,G/601/P,55 Cancri e,35.0,False,432.0,0.0,377.0,0.0,0.0,ABO
STTWANS0,Earth,False,F/51/S,TRAPPIST-1e,13.0,False,118.0,0.0,0.0,754.0,1.0,JBA
SUDTPXWW,Europa,True,C/137/S,55 Cancri e,19.0,False,0.0,0.0,0.0,0.0,0.0,UEX
SW4377A3,Earth,False,F/74/P,TRAPPIST-1e,44.0,False,695.0,1.0,16.0,0.0,0.0,LLP
SX36AOND,Mars,False,F/1000/P,TRAPPIST-1e,19.0,False,1301.0,0.0,31.0,1.0,0.0,LGM
SZTKTCKP,Earth,True,G/1475/P,PSO J318.5-22,22.0,False,0.0,0.0,0.0,0.0,0.0,NZJ
T0CQ96QH,Europa,False,D/56/P,TRAPPIST-1e,29.0,False,0.0,699.0,0.0,0.0,1955.0,UEZ
T1UO6N9R,Mars,True,D/176/S,55 Cancri e,21.0,False,0.0,0.0,0.0,0.0,0.0,IWT
T1XVVNS8,Mars,True,F/846/P,TRAPPIST-1e,4.0,False,0.0,,0.0,0.0,0.0,ZTJ
T96CDCRW,Earth,False,E/428/P,TRAPPIST-1e,55.0,False,0.0,0.0,719.0,274.0,0.0,PYU
T96JOWFI,Earth,True,G/967/P,PSO J318.5-22,33.0,False,0.0,0.0,0.0,0.0,0.0,DMG
T9XMS37D,Earth,False,F/1424/P,TRAPPIST-1e,22.0,,735.0,138.0,,0.0,0.0,KTQ
TC6QEE5M,Earth,True,G/500/S,TRAPPIST-1e,14.0,False,0.0,0.0,0.0,0.0,0.0,WIL
TIBHID6T,Earth,True,G/1087/P,TRAPPIST-1e,50.0,False,0.0,0.0,0.0,0.0,0.0,DUU
TINZOVDO,Earth,True,G/1126/S,PSO J318.5-22,29.0,False,0.0,0.0,0.0,0.0,0.0,OPZ
TO1T8ZWP,Earth,False,G/775/S,TRAPPIST-1e,,False,282.0,8.0,337.0,0.0,0.0,ZOR
TPYMKT15,Mars,False,E/166/S,TRAPPIST-1e,20.0,False,464.0,0.0,1432.0,0.0,0.0,UGC
TQPLVJF6,Mars,False,E/376/S,TRAPPIST-1e,27.0,True,149.0,0.0,890.0,9.0,0.0,SKZ
TTNTMXSX,Europa,True,C/236/P,55 Cancri e,38.0,False,0.0,0.0,0.0,0.0,0.0,DKI
TUIV6V4A,Europa,False,A/62/P,TRAPPIST-1e,37.0,False,0.0,0.0,0.0,0.0,0.0,RJS
TVI2YAF8,Mars,False,,,37.0,False,610.0,,410.0,148.0,14.0,EZV
TWYGPFTR,Earth,False,G/254/S,TRAPPIST-1e,41.0,False,139.0,666.0,6.0,71.0,25.0,NZY
TXKD80WI,,False,F/553/S,TRAPPIST-1e,13.0,False,649.0,2.0,0.0,124.0,143.0,UJM
TZYC8TJX,Earth,False,G/807/P,55 Cancri e,42.0,False,642.0,282.0,0.0,0.0,0.0,IOP
U4TXHU07,Earth,False,G/836/P,TRAPPIST-1e,25.0,False,322.0,0.0,81.0,3.0,298.0,DRM
U6NJ9JRN,Mars,False,F/1254/P,TRAPPIST-1e,33.0,False,301.0,0.0,501.0,0.0,1013.0,III
U7HQNJGQ,Earth,False,F/787/P,TRAPPIST-1e,23.0,False,0.0,0.0,0.0,724.0,80.0,JZB
U84BUJX6,Earth,False,F/778/P,TRAPPIST-1e,30.0,False,513.0,0.0,0.0,0.0,317.0,TII
UF9BI8DZ,Europa,False,A/81/P,55 Cancri e,37.0,False,18.0,2669.0,0.0,1229.0,,AUN
UJ3210L3,Earth,False,F/841/P,TRAPPIST-1e,24.0,False,0.0,20.0,0.0,14.0,659.0,RJV
UJCL10CP,Earth,True,G/440/P,TRAPPIST-1e,2.0,False,0.0,0.0,0.0,0.0,0.0,BCD
ULBUPHFM,Europa,True,B/250/S,55 Cancri e,13.0,False,0.0,0.0,0.0,0.0,0.0,FBJ
UMM55U3E,Earth,False,F/1083/S,TRAPPIST-1e,29.0,False,286.0,545.0,,0.0,0.0,PPL
UR0FTDMN,Mars,False,,TRAPPIST-1e,15.0,False,85.0,0.0,1130.0,0.0,248.0,LFP
URIC26TD,Earth,True,G/268/S,55 Cancri e,22.0,False,0.0,0.0,0.0,0.0,0.0,CJW
USYOJ19A,Earth,True,G/469/S,55 Cancri e,29.0,False,0.0,0.0,0.0,0.0,0.0,ECI
UT9OU6FE,Europa,True,C/198/S,55 Cancri e,25.0,False,0.0,0.0,0.0,0.0,0.0,BDE
UTNEJ4RY,Earth,False,F/774/S,TRAPPIST-1e,21.0,False,40.0,0.0,736.0,0.0,0.0,NAH
UUZE8K5J,Earth,True,G/374/S,PSO J318.5-22,22.0,False,0.0,0.0,0.0,0.0,0.0,IQJ
UVHPG1QN,Europa,False,B/170/P,TRAPPIST-1e,39.0,False,3926.0,2030.0,0.0,1483.0,611.0,CLR
UWFBA0MS,Europa,True,E/291/P,TRAPPIST-1e,20.0,False,0.0,0.0,0.0,0.0,0.0,GMB
V125XKTS,Europa,False,B/47/P,TRAPPIST-1e,8.0,False,0.0,0.0,0.0,0.0,0.0,SAV
V163LHE6,Earth,False,G/964/P,TRAPPIST-1e,22.0,False,0.0,40.0,689.0,0.0,79.0,DPS
V3QQQ5LY,Europa,True,B/102/S,55 Cancri e,27.0,False,0.0,0.0,0.0,0.0,0.0,NZS
V4N8KXRG,Europa,True,B/323/S,TRAPPIST-1e,15.0,False,0.0,0.0,0.0,0.0,0.0,AIV
V5G809FU,Earth,False,G/823/P,TRAPPIST-1e,25.0,False,0.0,181.0,671.0,0.0,0.0,MFR
V7VWOUR7,Mars,False,F/204/S,TRAPPIST-1e,50.0,False,202.0,,1108.0,0.0,0.0,LZN
V8N3BIL2,Mars,True,F/906/P,TRAPPIST-1e,75.0,False,0.0,0.0,0.0,0.0,0.0,BNH
VF7AH2Y5,Earth,False,F/146/S,TRAPPIST-1e,29.0,False,0.0,0.0,0.0,0.0,645.0,RWW
VNP3OFLF,Earth,False,E/374/P,PSO J318.5-22,50.0,False,781.0,2.0,0.0,61.0,0.0,AZS
VOWSXDQN,Europa,True,B/265/S,55 Cancri e,19.0,False,0.0,0.0,0.0,0.0,0.0,XKB
VQ58UNYV,Earth,False,G/1320/S,PSO J318.5-22,18.0,False,0.0,0.0,19.0,751.0,4.0,TST
VRQ9NETF,Earth,False,F/663/P,TRAPPIST-1e,22.0,False,,1.0,379.0,0.0,336.0,DFS
VS7T02AM,Earth,False,G/1462/P,TRAPPIST-1e,23.0,False,0.0,554.0,0.0,299.0,0.0,GHX
VX44C009,Mars,False,F/1019/S,TRAPPIST-1e,18.0,False,1744.0,0.0,8.0,8.0,0.0,SOU
VZ4EQSTL,Europa,False,E/449/S,TRAPPIST-1e,50.0,False,52.0,996.0,0.0,700.0,1.0,WCU
W6MBCDDX,Mars,False,F/31/P,TRAPPIST-1e,42.0,False,1072.0,0.0,10.0,0.0,76.0,NVW
W74LHT5Q,Mars,False,D/75/P,TRAPPIST-1e,29.0,True,803.0,0.0,0.0,58.0,0.0,KMI
W97GN3VK,Mars,True,F/82/P,TRAPPIST-1e,61.0,False,0.0,0.0,0.0,0.0,0.0,UUG
WBFESZKX,Europa,False,B/107/P,TRAPPIST-1e,23.0,False,2.0,6748.0,0.0,23.0,0.0,OMO
WBLZIEFS,Mars,False,D/240/P,TRAPPIST-1e,36.0,False,1103.0,3.0,0.0,0.0,659.0,JBS
WDZ94V1E,Earth,False,G/1261/S,TRAPPIST-1e,13.0,False,406.0,0.0,52.0,0.0,387.0,LIR
WEL6JAMB,Earth,True,G/856/P,TRAPPIST-1e,32.0,False,0.0,0.0,0.0,0.0,0.0,SIW
WGJIX1GD,,False,F/631/S,TRAPPIST-1e,40.0,False,666.0,4.0,83.0,0.0,50.0,YGB
WGXH15OR,Earth,False,E/150/S,55 Cancri e,17.0,False,44.0,1535.0,10.0,51.0,0.0,FYZ
WHM6X98T,Earth,False,E/291/S,TRAPPIST-1e,40.0,False,0.0,901.0,0.0,0.0,89.0,EVO
WJ2U92OV,Earth,False,F/786/S,TRAPPIST-1e,27.0,False,0.0,867.0,0.0,128.0,363.0,AOO
WJ8VJKSX,Earth,True,G/1491/P,TRAPPIST-1e,39.0,False,0.0,0.0,0.0,0.0,0.0,YGS
WJJOWMZD,Earth,False,F/816/S,TRAPPIST-1e,18.0,False,0.0,35.0,661.0,0.0,63.0,ADV
WKQ0EOHI,Earth,False,F/1680/S,TRAPPIST-1e,24.0,False,0.0,,594.0,95.0,0.0,YWP
WO6XRPH2,Earth,False,G/1372/S,TRAPPIST-1e,20.0,False,59.0,29.0,27.0,,0.0,KJH
WOTMTMYP,Earth,True,E/97/S,TRAPPIST-1e,0.0,False,0.0,0.0,0.0,0.0,0.0,KPN
WRX0U1PO,Mars,False,F/291/S,TRAPPIST-1e,31.0,False,1226.0,0.0,1.0,0.0,0.0,FYB
WSBBIGF4,Earth,False,F/1135/P,PSO J318.5-22,17.0,False,2.0,0.0,0.0,0.0,681.0,TRO
WXNW4UKV,Europa,True,C/200/S,55 Cancri e,59.0,False,0.0,0.0,0.0,0.0,0.0,EOG
X02K2WIJ,Mars,True,F/972/P,TRAPPIST-1e,0.0,False,0.0,0.0,0.0,0.0,0.0,LLN
X0Q1X0BK,Europa,False,E/559/S,55 Cancri e,28.0,False,0.0,101.0,0.0,0.0,12143.0,VWF
X2ESTXWP,Europa,False,A/57/P,TRAPPIST-1e,32.0,True,0.0,792.0,0.0,1.0,1335.0,ZHO
X3TEQ2PV,Earth,True,G/511/P,,17.0,False,0.0,0.0,0.0,0.0,0.0,RKV
X5CP5FF2,Earth,False,F/1299/S,TRAPPIST-1e,47.0,False,0.0,758.0,0.0,0.0,1417.0,ORP
X6OFK64O,Europa,True,B/279/S,TRAPPIST-1e,47.0,False,0.0,0.0,0.0,0.0,0.0,KEG
X6XLW7VQ,Mars,True,,TRAPPIST-1e,26.0,False,0.0,0.0,0.0,0.0,0.0,PHF
X70UF8F3,Earth,False,F/906/S,TRAPPIST-1e,18.0,False,211.0,594.0,2.0,493.0,62.0,RFG
X9E6WPYG,Europa,False,C/74/S,TRAPPIST-1e,63.0,False,,869.0,1.0,375.0,3377.0,BPB
XBQE3EMB,Earth,False,G/583/S,55 Cancri e,10.0,False,0.0,0.0,0.0,0.0,0.0,RZN
XCEEYLDY,Earth,False,F/1278/S,TRAPPIST-1e,37.0,False,864.0,35.0,0.0,0.0,0.0,QPP
XERJ7MP1,Earth,True,G/604/P,TRAPPIST-1e,35.0,False,0.0,0.0,0.0,,0.0,XEN
XLBS2X36,Earth,True,G/658/S,TRAPPIST-1e,0.0,False,0.0,0.0,0.0,0.0,0.0,OZS
XLM0UWM5,Earth,False,F/983/P,TRAPPIST-1e,22.0,False,0.0,0.0,0.0,19.0,785.0,WRZ
XP1R5OK6,Earth,True,G/340/P,PSO J318.5-22,26.0,False,0.0,0.0,0.0,0.0,0.0,NHM
XP1SQ2GK,Earth,False,F/540/S,55 Cancri e,44.0,False,672.0,0.0,0.0,0.0,20.0,QOI
XSH5DKQR,Earth,False,F/309/S,TRAPPIST-1e,37.0,False,0.0,27.0,11.0,732.0,5.0,TMV
XWMBU364,Earth,False,F/860/P,55 Cancri e,19.0,False,558.0,0.0,353.0,0.0,8.0,CTX
XXRAUX1G,Mars,False,D/145/P,TRAPPIST-1e,34.0,True,992.0,0.0,14.0,0.0,0.0,IHO
XZNK3CUE,Europa,False,C/195/S,TRAPPIST-1e,26.0,False,0.0,21.0,10424.0,1373.0,7218.0,YKU
Y0XY7W66,Earth,False,F/413/P,TRAPPIST-1e,22.0,False,8.0,0.0,801.0,0.0,12.0,DZR
Y17QRKRD,Europa,True,D/190/P,55 Cancri e,26.0,False,0.0,0.0,0.0,0.0,0.0,QHA
Y2A7UU0X,Earth,False,F/438/S,55 Cancri e,31.0,False,0.0,14.0,671.0,1.0,3.0,QUE
Y3AIMXV8,Earth,False,G/1178/P,TRAPPIST-1e,50.0,False,0.0,185.0,0.0,1.0,558.0,URW
Y40478QZ,Earth,True,G/789/P,55 Cancri e,15.0,False,0.0,0.0,0.0,0.0,0.0,OFT
Y4TYXZ11,Earth,False,F/412/P,PSO J318.5-22,21.0,False,,2.0,133.0,0.0,549.0,VRW
Y5F2QDFF,Mars,False,F/214/P,55 Cancri e,13.0,False,4.0,0.0,1973.0,0.0,39.0,KMK
Y8V4E9AX,Europa,True,C/79/P,55 Cancri e,27.0,False,0.0,0.0,0.0,0.0,0.0,ZWF
YEK8NPTN,Earth,False,G/1028/S,55 Cancri e,2.0,False,0.0,0.0,0.0,0.0,0.0,NOH
YELMXZ30,Earth,True,G/467/S,PSO J318.5-22,48.0,False,0.0,0.0,0.0,0.0,0.0,ZGX
YFR1O37N,Earth,,F/1199/P,PSO J318.5-22,46.0,,559.0,25.0,,22.0,765.0,ASQ
YHV6ZK16,Mars,False,D/219/S,TRAPPIST-1e,33.0,False,1631.0,0.0,754.0,0.0,0.0,EVY
YKJCMA4N,Europa,False,B/138/P,55 Cancri e,41.0,False,14.0,6777.0,81.0,604.0,2936.0,JVJ
YLU5TRF2,Earth,False,G/631/S,TRAPPIST-1e,,False,86.0,218.0,0.0,0.0,479.0,XUW
YTI8PHBH,Earth,False,E/233/S,TRAPPIST-1e,37.0,False,190.0,0.0,2.0,799.0,0.0,XQP
YWLFG13K,Earth,False,F/718/P,PSO J318.5-22,62.0,False,3.0,0.0,2908.0,0.0,0.0,VAU
YX55BQ42,Earth,False,F/1737/P,TRAPPIST-1e,21.0,False,0.0,5.0,0.0,687.0,10.0,FSJ
YZ2EG5UA,Europa,True,B/336/S,TRAPPIST-1e,16.0,False,0.0,0.0,0.0,0.0,0.0,DCB
Z0JF0PNG,Europa,True,B/326/S,TRAPPIST-1e,31.0,False,0.0,,0.0,0.0,0.0,IPM
Z2ROA01R,Mars,False,D/60/S,55 Cancri e,18.0,False,86.0,1164.0,516.0,0.0,0.0,FEZ
Z3GNFJC0,Earth,True,G/1358/S,55 Cancri e,47.0,False,0.0,0.0,0.0,0.0,0.0,KGN
Z48DGV49,Earth,False,G/331/S,TRAPPIST-1e,40.0,False,51.0,0.0,1.0,368.0,509.0,RTE
Z6W2K9ZS,Europa,False,C/24/P,TRAPPIST-1e,41.0,False,3594.0,3425.0,0.0,0.0,58.0,LPJ
Z9XUBEM0,Europa,False,B/298/S,TRAPPIST-1e,19.0,False,0.0,4534.0,0.0,617.0,1156.0,BJB
Z9ZUIDZG,Mars,False,E/44/P,TRAPPIST-1e,19.0,False,0.0,0.0,0.0,0.0,0.0,DVQ
ZBMYA8YW,Mars,,F/1026/S,55 Cancri e,46.0,False,1082.0,80.0,1177.0,0.0,323.0,VXH
ZC0MQA4K,,False,E/149/P,TRAPPIST-1e,19.0,False,0.0,13.0,291.0,481.0,2.0,OXM
ZE6PYWLI,Earth,True,G/1086/S,TRAPPIST-1e,24.0,False,0.0,0.0,,0.0,0.0,GAC
ZHQF2MKD,Europa,True,B/75/P,55 Cancri e,18.0,False,0.0,0.0,0.0,0.0,0.0,XRN
ZJPNJ2MK,Earth,False,F/1553/S,PSO J318.5-22,23.0,False,90.0,4.0,0.0,7.0,588.0,QLU
ZLAMWJJT,Europa,False,C/25/S,55 Cancri e,29.0,False,0.0,3344.0,0.0,118.0,972.0,XUK
ZNMPDKVB,Earth,False,G/732/S,TRAPPIST-1e,0.0,False,0.0,0.0,0.0,0.0,0.0,QWO
ZP2ZWAGY,Mars,True,F/630/S,TRAPPIST-1e,31.0,False,0.0,0.0,0.0,0.0,0.0,OKO
ZQBF0J17,Mars,False,E/443/P,55 Cancri e,16.0,False,1228.0,0.0,450.0,446.0,,XJY
ZR928982,Europa,True,C/302/P,55 Cancri e,25.0,False,0.0,0.0,0.0,0.0,0.0,DQC
ZSEA9YZJ,Earth,True,G/970/S,TRAPPIST-1e,7.0,False,0.0,0.0,0.0,0.0,0.0,BXK
ZTV43JSY,Earth,False,G/585/P,TRAPPIST-1e,53.0,False,323.0,120.0,14.0,450.0,0.0,RHP
ZX8MQCWI,Earth,False,F/1102/S,TRAPPIST-1e,21.0,False,0.0,128.0,209.0,4.0,383.0,EKN
